{
    "__comment__" : "サイトカタリストによるアクセス解析用に動的変数値取得を行うURLをリストで記述する。",
    "__comment__" : "jsonのインデントは半角スペースで",
    "__comment__" : "index.htmlは省略しないこと。",
    "__comment__" : "アクセスURLでindex.htmlが省略されていた場合、フレームワーク側で補完チェックしてくれます。",
    "getVarURL": [
        "/memx/sp/create/index.html#complete",
        "/memx/sp/cardinfo/index.html#complete",
        "/memx/sp/keicrereal/index.html#complete",
        "/memx/sp/updateuser/index.html#complete",
        "/memx/sp/web_meisai_mail/atonce/index.html#complete",
        "/memx/sp/web_meisai_mail/kaiyaku/index.html#complete",
        "/memx/sp/cs_set_zowaku/index.html#complete",
        "/memx/sp/campaign_entry/entry/index2.html#complete",
        "/memx/sp/pantel_create/index.html#complete",
        "/memx/sp/sokuji/create/index.html#complete"
    ]
}
